Despesas recorrentes pessoais,,,,,,,,,
Valores identificados em notificações de tentativa de cobrança do Itaú. As tentativas estavam negadas; pagamento e continuidade do serviço devem ser confirmados.,,,,,,,,,
,,,,,,,,,
Responsável,Elias — pessoal,,,,,,,,
Atualizado em,06/08/2026,,,,,,,,
Total mensal observado — BRL,"376,50",,,,,,,,
Total mensal observado — USD,"0,00",,,,,,,,
Total anual observado — BRL,"504,99",,,,,,,,
,,,,,,,,,
Fornecedor,Descrição,Categoria,Canal de cobrança,Periodicidade,Moeda,Valor observado,Última tentativa,Situação observada,Fonte
Apple,Serviço Apple não identificado (descritor APPLE.COM/BILL),Assinaturas digitais,Cartão Itaú,Recorrente — a confirmar,BRL,"59,90",05/08/2026 07:21,Tentativa negada por falta de limite; produto Apple não identificado,https://docs.google.com/spreadsheets/d/1FaI-zJGalMmVBayMlITG7y94MIghhEVz6ywYyz7dkn0/edit
GLX Club,Barbearia,Cuidados pessoais,Cartão Itaú,Recorrente — a confirmar,BRL,"199,90",23/07/2026 05:18,Tentativa negada por falta de limite,https://docs.google.com/spreadsheets/d/1FaI-zJGalMmVBayMlITG7y94MIghhEVz6ywYyz7dkn0/edit
Google,YouTube Premium — Family subscription,Streaming,Google Play,Mensal,BRL,"53,90",,Ativo; renovação em 06/09/2026.,
Globo,Globo Combo,Streaming,Cartão Itaú,Recorrente — a confirmar,BRL,"52,90",03/08/2026 08:12,Tentativa negada por falta de limite.,https://docs.google.com/spreadsheets/d/1FaI-zJGalMmVBayMlITG7y94MIghhEVz6ywYyz7dkn0/edit
Evernote,Evernote Starter Annual,Produtividade pessoal,Google Play,Anual,BRL,200,,Ativo; renovação em 14/11/2026.,
Radarbot,Radarbot GOLD Roadpro,Mobilidade pessoal,Google Play,Anual,BRL,"304,99",,Ativo; renovação em 23/12/2026.,
Google,Google Play Pass,Aplicativos e jogos,Google Play,Mensal,BRL,"9,90",,Ativo; renovação em 10/08/2026.,
